{
    "Ar36": {
        "error": 0.00018539780103892368, 
        "filter_outliers_dict": {
            "filter_outliers": true, 
            "iterations": 2, 
            "std_devs": 2
        }, 
        "fit": "Parabolic", 
        "value": 0.0033238350817141084
    }, 
    "Ar37": {
        "error": 0.011757875364470385, 
        "filter_outliers_dict": {
            "filter_outliers": true, 
            "iterations": 2, 
            "std_devs": 2
        }, 
        "fit": "linear", 
        "value": -0.09812465721351951
    }, 
    "Ar38": {
        "error": 0.013910010321738385, 
        "filter_outliers_dict": {
            "filter_outliers": true, 
            "iterations": 2, 
            "std_devs": 2
        }, 
        "fit": "linear", 
        "value": -0.11598123834409144
    }, 
    "Ar39": {
        "error": 0.024501992205549553, 
        "filter_outliers_dict": {
            "filter_outliers": true, 
            "iterations": 2, 
            "std_devs": 2
        }, 
        "fit": "Parabolic", 
        "value": -0.010904967550280194
    }, 
    "Ar40": {
        "error": 0.021526039781740305, 
        "filter_outliers_dict": {
            "filter_outliers": true, 
            "iterations": 2, 
            "std_devs": 2
        }, 
        "fit": "Parabolic", 
        "value": 0.1649564521262768
    }
}