{
    "AX": {
        "error": 0.011337690210121315, 
        "filter_outliers_dict": {
            "filter_outliers": true, 
            "iterations": 1, 
            "std_devs": 2
        }, 
        "fit": "average", 
        "value": -0.1244357444067812
    }, 
    "H1": {
        "error": 0.007937366645368824, 
        "filter_outliers_dict": {
            "filter_outliers": true, 
            "iterations": 1, 
            "std_devs": 2
        }, 
        "fit": "average", 
        "value": 0.03962406481854677
    }, 
    "H2": {
        "error": 0.0073763058567962005, 
        "filter_outliers_dict": {
            "filter_outliers": true, 
            "iterations": 1, 
            "std_devs": 2
        }, 
        "fit": "average", 
        "value": -0.17719451348327728
    }, 
    "L1": {
        "error": 0.009052524828593193, 
        "filter_outliers_dict": {
            "filter_outliers": true, 
            "iterations": 1, 
            "std_devs": 2
        }, 
        "fit": "average", 
        "value": -0.0689365734921425
    }, 
    "L2(CDD)": {
        "error": 6.1267857586359106e-06, 
        "filter_outliers_dict": {
            "filter_outliers": true, 
            "iterations": 1, 
            "std_devs": 2
        }, 
        "fit": "average", 
        "value": 3.793333155772874e-05
    }
}