{
    "Ar36": {
        "error": 0.00021511797193326073, 
        "filter_outliers_dict": {
            "filter_outliers": true, 
            "iterations": 2, 
            "std_devs": 2
        }, 
        "fit": "Parabolic", 
        "value": 0.008446793199574221
    }, 
    "Ar37": {
        "error": 0.012789341636067328, 
        "filter_outliers_dict": {
            "filter_outliers": true, 
            "iterations": 2, 
            "std_devs": 2
        }, 
        "fit": "linear", 
        "value": 0.22568838553092674
    }, 
    "Ar38": {
        "error": 0.013299268873415468, 
        "filter_outliers_dict": {
            "filter_outliers": true, 
            "iterations": 2, 
            "std_devs": 2
        }, 
        "fit": "linear", 
        "value": -0.0752500169778745
    }, 
    "Ar39": {
        "error": 0.022245917438775457, 
        "filter_outliers_dict": {
            "filter_outliers": true, 
            "iterations": 2, 
            "std_devs": 2
        }, 
        "fit": "Parabolic", 
        "value": 1.5487096978679054
    }, 
    "Ar40": {
        "error": 0.018902349288329186, 
        "filter_outliers_dict": {
            "filter_outliers": true, 
            "iterations": 2, 
            "std_devs": 2
        }, 
        "fit": "Parabolic", 
        "value": 3.269986241593399
    }
}