{
    "Ar36": {
        "error": 0.00031523420729619145, 
        "filter_outliers_dict": {
            "filter_outliers": true, 
            "iterations": 2, 
            "std_devs": 2
        }, 
        "fit": "Parabolic", 
        "value": 0.021494333402373438
    }, 
    "Ar37": {
        "error": 0.011486964153338304, 
        "filter_outliers_dict": {
            "filter_outliers": true, 
            "iterations": 2, 
            "std_devs": 2
        }, 
        "fit": "linear", 
        "value": 0.7305318589312673
    }, 
    "Ar38": {
        "error": 0.01286346400093, 
        "filter_outliers_dict": {
            "filter_outliers": true, 
            "iterations": 2, 
            "std_devs": 2
        }, 
        "fit": "linear", 
        "value": -0.036667518511544
    }, 
    "Ar39": {
        "error": 0.02445334703456583, 
        "filter_outliers_dict": {
            "filter_outliers": true, 
            "iterations": 2, 
            "std_devs": 2
        }, 
        "fit": "Parabolic", 
        "value": 7.0878788662105645
    }, 
    "Ar40": {
        "error": 0.018903931351701844, 
        "filter_outliers_dict": {
            "filter_outliers": true, 
            "iterations": 2, 
            "std_devs": 2
        }, 
        "fit": "Parabolic", 
        "value": 13.712921951809994
    }
}