{
    "Ar36": {
        "error": 0.0004104768460436015, 
        "filter_outliers_dict": {
            "filter_outliers": true, 
            "iterations": 2, 
            "std_devs": 2
        }, 
        "fit": "Parabolic", 
        "value": 0.0374905979409448
    }, 
    "Ar37": {
        "error": 0.011777973937088994, 
        "filter_outliers_dict": {
            "filter_outliers": true, 
            "iterations": 2, 
            "std_devs": 2
        }, 
        "fit": "linear", 
        "value": 0.7015610383591697
    }, 
    "Ar38": {
        "error": 0.012474644695438962, 
        "filter_outliers_dict": {
            "filter_outliers": true, 
            "iterations": 2, 
            "std_devs": 2
        }, 
        "fit": "linear", 
        "value": -0.04541132233711334
    }, 
    "Ar39": {
        "error": 0.02310970902166918, 
        "filter_outliers_dict": {
            "filter_outliers": true, 
            "iterations": 2, 
            "std_devs": 2
        }, 
        "fit": "Parabolic", 
        "value": 5.810301541942755
    }, 
    "Ar40": {
        "error": 0.018664281308941703, 
        "filter_outliers_dict": {
            "filter_outliers": true, 
            "iterations": 2, 
            "std_devs": 2
        }, 
        "fit": "Parabolic", 
        "value": 22.236463575807296
    }
}