{
    "Ar36": {
        "error": 0.00039159461422656413, 
        "filter_outliers_dict": {
            "filter_outliers": true, 
            "iterations": 2, 
            "std_devs": 2
        }, 
        "fit": "Parabolic", 
        "value": 0.04147016449625877
    }, 
    "Ar37": {
        "error": 0.011836221862920108, 
        "filter_outliers_dict": {
            "filter_outliers": true, 
            "iterations": 2, 
            "std_devs": 2
        }, 
        "fit": "linear", 
        "value": 1.0298901009262056
    }, 
    "Ar38": {
        "error": 0.012482650195253442, 
        "filter_outliers_dict": {
            "filter_outliers": true, 
            "iterations": 2, 
            "std_devs": 2
        }, 
        "fit": "linear", 
        "value": 0.16524316328488448
    }, 
    "Ar39": {
        "error": 0.02327241680769847, 
        "filter_outliers_dict": {
            "filter_outliers": true, 
            "iterations": 2, 
            "std_devs": 2
        }, 
        "fit": "Parabolic", 
        "value": 21.50432365806511
    }, 
    "Ar40": {
        "error": 0.019917694756220954, 
        "filter_outliers_dict": {
            "filter_outliers": true, 
            "iterations": 2, 
            "std_devs": 2
        }, 
        "fit": "Parabolic", 
        "value": 12.725289073608874
    }
}