{
    "Ar36": {
        "error": 0.00029652979319117937, 
        "filter_outliers_dict": {
            "filter_outliers": true, 
            "iterations": 2, 
            "std_devs": 2
        }, 
        "fit": "Parabolic", 
        "value": 0.01712697132471435
    }, 
    "Ar37": {
        "error": 0.011616584762354703, 
        "filter_outliers_dict": {
            "filter_outliers": true, 
            "iterations": 2, 
            "std_devs": 2
        }, 
        "fit": "linear", 
        "value": 0.1439443415544475
    }, 
    "Ar38": {
        "error": 0.012169950648286462, 
        "filter_outliers_dict": {
            "filter_outliers": true, 
            "iterations": 2, 
            "std_devs": 2
        }, 
        "fit": "linear", 
        "value": -0.06067612505308139
    }, 
    "Ar39": {
        "error": 0.02331543624986814, 
        "filter_outliers_dict": {
            "filter_outliers": true, 
            "iterations": 2, 
            "std_devs": 2
        }, 
        "fit": "Parabolic", 
        "value": 4.850552466186605
    }, 
    "Ar40": {
        "error": 0.018337243661584065, 
        "filter_outliers_dict": {
            "filter_outliers": true, 
            "iterations": 2, 
            "std_devs": 2
        }, 
        "fit": "Parabolic", 
        "value": 4.54364517453636
    }
}