{
    "Ar36": {
        "error": 0.0006253405580719195, 
        "filter_outliers_dict": {
            "filter_outliers": true, 
            "iterations": 1, 
            "std_devs": 2
        }, 
        "fit": "Parabolic", 
        "value": 0.09558568843972381
    }, 
    "Ar37": {
        "error": 0.005421180303695059, 
        "filter_outliers_dict": {
            "filter_outliers": true, 
            "iterations": 1, 
            "std_devs": 2
        }, 
        "fit": "linear", 
        "value": 3.7602736126817358
    }, 
    "Ar38": {
        "error": 0.0022552090938348854, 
        "filter_outliers_dict": {
            "filter_outliers": true, 
            "iterations": 1, 
            "std_devs": 2
        }, 
        "fit": "linear", 
        "value": 0.40954162038921926
    }, 
    "Ar39": {
        "error": 0.011594769169541951, 
        "filter_outliers_dict": {
            "filter_outliers": true, 
            "iterations": 1, 
            "std_devs": 2
        }, 
        "fit": "Parabolic", 
        "value": 31.649936853625018
    }, 
    "Ar40": {
        "error": 0.015354903595557088, 
        "filter_outliers_dict": {
            "filter_outliers": true, 
            "iterations": 1, 
            "std_devs": 2
        }, 
        "fit": "Parabolic", 
        "value": 33.52756097561201
    }, 
    "Ar41": {
        "error": 0.005553186654052658, 
        "filter_outliers_dict": {
            "filter_outliers": true, 
            "iterations": 1, 
            "std_devs": 2
        }, 
        "fit": "linear", 
        "value": 0.09209904720924698
    }
}