{
    "Ar36": {
        "error": 0.00021336519652551987, 
        "filter_outliers_dict": {
            "filter_outliers": true, 
            "iterations": 2, 
            "std_devs": 2
        }, 
        "fit": "Parabolic", 
        "value": 0.005728748167086364
    }, 
    "Ar37": {
        "error": 0.01132493486324123, 
        "filter_outliers_dict": {
            "filter_outliers": true, 
            "iterations": 2, 
            "std_devs": 2
        }, 
        "fit": "linear", 
        "value": -0.06876431734805939
    }, 
    "Ar38": {
        "error": 0.011971996115970381, 
        "filter_outliers_dict": {
            "filter_outliers": true, 
            "iterations": 2, 
            "std_devs": 2
        }, 
        "fit": "linear", 
        "value": -0.10278589991588463
    }, 
    "Ar39": {
        "error": 0.02121266285080876, 
        "filter_outliers_dict": {
            "filter_outliers": true, 
            "iterations": 2, 
            "std_devs": 2
        }, 
        "fit": "Parabolic", 
        "value": 0.0464109799248144
    }, 
    "Ar40": {
        "error": 0.01852049014533234, 
        "filter_outliers_dict": {
            "filter_outliers": true, 
            "iterations": 2, 
            "std_devs": 2
        }, 
        "fit": "Parabolic", 
        "value": 0.6723035231873096
    }
}