{
    "AX": {
        "error": 0.0039407652819502545, 
        "filter_outliers_dict": {
            "filter_outliers": true, 
            "iterations": 1, 
            "std_devs": 2
        }, 
        "fit": "average", 
        "value": 0.08004795476045866
    }, 
    "CDD": {
        "error": 4.036738651374324e-06, 
        "filter_outliers_dict": {
            "filter_outliers": true, 
            "iterations": 1, 
            "std_devs": 10
        }, 
        "fit": "average", 
        "value": 1.1259289070293266e-05
    }, 
    "H1": {
        "error": 0.003583072748810982, 
        "filter_outliers_dict": {
            "filter_outliers": true, 
            "iterations": 1, 
            "std_devs": 2
        }, 
        "fit": "average", 
        "value": -0.03098939417885802
    }, 
    "H2": {
        "error": 0.00407416932655623, 
        "filter_outliers_dict": {
            "filter_outliers": true, 
            "iterations": 1, 
            "std_devs": 2
        }, 
        "fit": "average", 
        "value": 0.0703066067435877
    }, 
    "L1": {
        "error": 0.0013123321876207393, 
        "filter_outliers_dict": {
            "filter_outliers": true, 
            "iterations": 1, 
            "std_devs": 2
        }, 
        "fit": "average", 
        "value": -0.0023214743369732553
    }, 
    "L2": {
        "error": 0.0037716307449288155, 
        "filter_outliers_dict": {
            "filter_outliers": true, 
            "iterations": 1, 
            "std_devs": 2
        }, 
        "fit": "average", 
        "value": 0.13169466755999717
    }
}